Category,Africa,Canada,Caribbean,Central,Central Asia,EMEA,East,North,North Asia,Oceania,South,Southeast Asia,West
Furniture,194650.635,10595.28,118372.4,860417.5833,284362.902,228620.736,208291.204,377629.918,335716.461,410468.004,515749.616,313386.7035,252612.7435
Office Supplies,266755.533,30034.08,89575.416,923435.276,162766.35,276685.992,205516.055,374733.453,198554.775,281713.626,515161.339,241285.0815,220853.249
Technology,322367.043,26298.81,116333.04504,1038449.66064,305697.315,300854.583,264973.981,495802.23152000003,314038.545,408002.982,569996.08588,329751.384,251991.832
